-0.09485284984111786,0.02147023379802704,0.08378253132104874,-0.09078127890825272,-0.10347303748130798,-0.06591682136058807,-0.0030949488282203674,-0.11169596761465073,0.1090090274810791,-0.13694381713867188,0.21853865683078766,-0.13818536698818207,-0.20421439409255981,-0.06423704326152802,-0.036550357937812805,0.1490974724292755,-0.15788505971431732,-0.18958140909671783,-0.04246273636817932,-0.02416568621993065,0.07989974319934845,-0.031137516722083092,-0.013481203466653824,0.08047913014888763,-0.09432196617126465,-0.3576056957244873,-0.12202588468790054,-0.1212879940867424,0.03360380977392197,-0.040180712938308716,0.0153143759816885,0.005387842655181885,-0.23789525032043457,-0.026786264032125473,-0.04383174329996109,0.014645794406533241,0.00966967549175024,-0.09902944415807724,0.19991973042488098,-0.02341526374220848,-0.2155078947544098,0.0024411864578723907,0.07058963924646378,0.1708875447511673,0.08923086524009705,0.08456024527549744,0.04926779866218567,-0.12354004383087158,0.07982952147722244,-0.12906992435455322,0.05042910948395729,0.10148033499717712,0.09184012562036514,0.033767614513635635,0.006512826308608055,-0.17443522810935974,0.04210985451936722,0.055544059723615646,-0.1486877053976059,0.06589530408382416,0.04121030122041702,-0.04474553093314171,-0.0619291327893734,-0.07552626729011536,0.3328710198402405,0.05563424527645111,-0.11497914791107178,-0.16124510765075684,0.192532017827034,-0.11231023073196411,-0.0905027762055397,0.07032942026853561,-0.13858109712600708,-0.09263744950294495,-0.27536115050315857,0.052405714988708496,0.43038418889045715,0.017983239144086838,-0.22906333208084106,0.05685780569911003,-0.09520027786493301,-0.004322378896176815,0.09903734922409058,0.1668732762336731,-0.03836812824010849,0.022775597870349884,-0.11452212184667587,-0.00041413865983486176,0.1992582082748413,-0.05999770760536194,-0.04507828876376152,0.16129662096500397,-0.006708499044179916,0.08564038574695587,0.01754169538617134,0.00492924265563488,-0.11301478743553162,0.03858182579278946,-0.08999756723642349,-0.012144065462052822,0.11656515300273895,0.04786765202879906,-0.07003267854452133,0.114488385617733,-0.11864972114562988,0.10886754095554352,-0.011681215837597847,-0.052477430552244186,-0.01402263529598713,0.024498645216226578,-0.10456349700689316,-0.07622602581977844,0.09073255211114883,-0.233686164021492,0.1862194985151291,0.1265653818845749,0.0517977811396122,0.11917054653167725,0.12032073736190796,0.08945784717798233,0.008028116077184677,0.015006635338068008,-0.25403323769569397,-0.03351849690079689,0.15904901921749115,-0.041014961898326874,0.10160072892904282,0.02376467175781727
-0.09485284984111786,0.02147023379802704,0.08378253132104874,-0.09078127890825272,-0.10347303748130798,-0.06591682136058807,-0.0030949488282203674,-0.11169596761465073,0.1090090274810791,-0.13694381713867188,0.21853865683078766,-0.13818536698818207,-0.20421439409255981,-0.06423704326152802,-0.036550357937812805,0.1490974724292755,-0.15788505971431732,-0.18958140909671783,-0.04246273636817932,-0.02416568621993065,0.07989974319934845,-0.031137516722083092,-0.013481203466653824,0.08047913014888763,-0.09432196617126465,-0.3576056957244873,-0.12202588468790054,-0.1212879940867424,0.03360380977392197,-0.040180712938308716,0.0153143759816885,0.005387842655181885,-0.23789525032043457,-0.026786264032125473,-0.04383174329996109,0.014645794406533241,0.00966967549175024,-0.09902944415807724,0.19991973042488098,-0.02341526374220848,-0.2155078947544098,0.0024411864578723907,0.07058963924646378,0.1708875447511673,0.08923086524009705,0.08456024527549744,0.04926779866218567,-0.12354004383087158,0.07982952147722244,-0.12906992435455322,0.05042910948395729,0.10148033499717712,0.09184012562036514,0.033767614513635635,0.006512826308608055,-0.17443522810935974,0.04210985451936722,0.055544059723615646,-0.1486877053976059,0.06589530408382416,0.04121030122041702,-0.04474553093314171,-0.0619291327893734,-0.07552626729011536,0.3328710198402405,0.05563424527645111,-0.11497914791107178,-0.16124510765075684,0.192532017827034,-0.11231023073196411,-0.0905027762055397,0.07032942026853561,-0.13858109712600708,-0.09263744950294495,-0.27536115050315857,0.052405714988708496,0.43038418889045715,0.017983239144086838,-0.22906333208084106,0.05685780569911003,-0.09520027786493301,-0.004322378896176815,0.09903734922409058,0.1668732762336731,-0.03836812824010849,0.022775597870349884,-0.11452212184667587,-0.00041413865983486176,0.1992582082748413,-0.05999770760536194,-0.04507828876376152,0.16129662096500397,-0.006708499044179916,0.08564038574695587,0.01754169538617134,0.00492924265563488,-0.11301478743553162,0.03858182579278946,-0.08999756723642349,-0.012144065462052822,0.11656515300273895,0.04786765202879906,-0.07003267854452133,0.114488385617733,-0.11864972114562988,0.10886754095554352,-0.011681215837597847,-0.052477430552244186,-0.01402263529598713,0.024498645216226578,-0.10456349700689316,-0.07622602581977844,0.09073255211114883,-0.233686164021492,0.1862194985151291,0.1265653818845749,0.0517977811396122,0.11917054653167725,0.12032073736190796,0.08945784717798233,0.008028116077184677,0.015006635338068008,-0.25403323769569397,-0.03351849690079689,0.15904901921749115,-0.041014961898326874,0.10160072892904282,0.02376467175781727
-0.09093597531318665,0.024737726897001266,0.07234464585781097,-0.09635565429925919,-0.1029520183801651,-0.06158190965652466,-0.027255922555923462,-0.08955536782741547,0.10944578796625137,-0.11603580415248871,0.24068713188171387,-0.11913308501243591,-0.2085001915693283,-0.07521094381809235,-0.043013766407966614,0.155974879860878,-0.16338501870632172,-0.1751117706298828,-0.0701637789607048,-0.006431089714169502,0.05966700240969658,-0.016158824786543846,0.014053734950721264,0.049045316874980927,-0.09263408929109573,-0.35195451974868774,-0.12192229181528091,-0.11904507875442505,0.03317597508430481,-0.048216141760349274,-0.008353064768016338,-0.040442973375320435,-0.22683370113372803,-0.048363350331783295,-0.02234567329287529,0.020410150289535522,-0.010334871709346771,-0.07591626048088074,0.19137486815452576,-0.025948282331228256,-0.24531574547290802,0.01978493668138981,0.09432360529899597,0.17896150052547455,0.11084114015102386,0.1262752264738083,0.03761734068393707,-0.1357453167438507,0.07095426321029663,-0.1401161253452301,0.07216808199882507,0.1020069271326065,0.09933356940746307,0.039000704884529114,0.028939519077539444,-0.15325716137886047,0.05632041394710541,0.0802532285451889,-0.12599079310894012,0.060347381979227066,0.07268013060092926,-0.01832735538482666,-0.028322551399469376,-0.04985295236110687,0.3469463884830475,0.05295754224061966,-0.1145789623260498,-0.17103992402553558,0.17311005294322968,-0.11442042887210846,-0.11224044114351273,0.0881216898560524,-0.1203245222568512,-0.10135586559772491,-0.28869619965553284,0.029382390901446342,0.41299134492874146,0.022926438599824905,-0.221910297870636,0.05231790617108345,-0.09192562103271484,0.00218840129673481,0.11099129915237427,0.1373901218175888,-0.06006217747926712,0.038405679166316986,-0.14631983637809753,-0.025393186137080193,0.23456545174121857,-0.0754002183675766,-0.027303440496325493,0.16054236888885498,0.005768707022070885,0.08296573907136917,0.0312679260969162,0.02481653355062008,-0.11577646434307098,0.03883732110261917,-0.10983607918024063,-0.025822622701525688,0.14653627574443817,0.04461647570133209,-0.05669386684894562,0.10791315138339996,-0.12271757423877716,0.1074947789311409,-0.017726445570588112,-0.04357798397541046,-0.008071528747677803,0.02618497610092163,-0.08194951713085175,-0.07153106480836868,0.09928372502326965,-0.22587136924266815,0.21872766315937042,0.13322962820529938,0.06437244266271591,0.0912262573838234,0.14749735593795776,0.07377342879772186,-0.012665364891290665,0.016378801316022873,-0.2436322420835495,-0.049272581934928894,0.1315029263496399,-0.04862646758556366,0.14193110167980194,0.040117423981428146
-0.09093597531318665,0.024737726897001266,0.07234464585781097,-0.09635565429925919,-0.1029520183801651,-0.06158190965652466,-0.027255922555923462,-0.08955536782741547,0.10944578796625137,-0.11603580415248871,0.24068713188171387,-0.11913308501243591,-0.2085001915693283,-0.07521094381809235,-0.043013766407966614,0.155974879860878,-0.16338501870632172,-0.1751117706298828,-0.0701637789607048,-0.006431089714169502,0.05966700240969658,-0.016158824786543846,0.014053734950721264,0.049045316874980927,-0.09263408929109573,-0.35195451974868774,-0.12192229181528091,-0.11904507875442505,0.03317597508430481,-0.048216141760349274,-0.008353064768016338,-0.040442973375320435,-0.22683370113372803,-0.048363350331783295,-0.02234567329287529,0.020410150289535522,-0.010334871709346771,-0.07591626048088074,0.19137486815452576,-0.025948282331228256,-0.24531574547290802,0.01978493668138981,0.09432360529899597,0.17896150052547455,0.11084114015102386,0.1262752264738083,0.03761734068393707,-0.1357453167438507,0.07095426321029663,-0.1401161253452301,0.07216808199882507,0.1020069271326065,0.09933356940746307,0.039000704884529114,0.028939519077539444,-0.15325716137886047,0.05632041394710541,0.0802532285451889,-0.12599079310894012,0.060347381979227066,0.07268013060092926,-0.01832735538482666,-0.028322551399469376,-0.04985295236110687,0.3469463884830475,0.05295754224061966,-0.1145789623260498,-0.17103992402553558,0.17311005294322968,-0.11442042887210846,-0.11224044114351273,0.0881216898560524,-0.1203245222568512,-0.10135586559772491,-0.28869619965553284,0.029382390901446342,0.41299134492874146,0.022926438599824905,-0.221910297870636,0.05231790617108345,-0.09192562103271484,0.00218840129673481,0.11099129915237427,0.1373901218175888,-0.06006217747926712,0.038405679166316986,-0.14631983637809753,-0.025393186137080193,0.23456545174121857,-0.0754002183675766,-0.027303440496325493,0.16054236888885498,0.005768707022070885,0.08296573907136917,0.0312679260969162,0.02481653355062008,-0.11577646434307098,0.03883732110261917,-0.10983607918024063,-0.025822622701525688,0.14653627574443817,0.04461647570133209,-0.05669386684894562,0.10791315138339996,-0.12271757423877716,0.1074947789311409,-0.017726445570588112,-0.04357798397541046,-0.008071528747677803,0.02618497610092163,-0.08194951713085175,-0.07153106480836868,0.09928372502326965,-0.22587136924266815,0.21872766315937042,0.13322962820529938,0.06437244266271591,0.0912262573838234,0.14749735593795776,0.07377342879772186,-0.012665364891290665,0.016378801316022873,-0.2436322420835495,-0.049272581934928894,0.1315029263496399,-0.04862646758556366,0.14193110167980194,0.040117423981428146
-0.08812124282121658,0.041729241609573364,0.07115798443555832,-0.09420560300350189,-0.11702453345060349,-0.05126897618174553,-0.01601892150938511,-0.10227271169424057,0.10303020477294922,-0.1073417067527771,0.22511951625347137,-0.12386953830718994,-0.2185840904712677,-0.08356736600399017,-0.04688236862421036,0.1563495546579361,-0.16903148591518402,-0.182406947016716,-0.06238105148077011,-0.0152948759496212,0.061048608273267746,-0.014958457089960575,0.02219005487859249,0.05475044250488281,-0.0901242047548294,-0.352520614862442,-0.12096963822841644,-0.11260741949081421,0.027828387916088104,-0.04937239736318588,-0.0010650530457496643,-0.041669875383377075,-0.23112329840660095,-0.04384613782167435,-0.02316707745194435,0.02356226183474064,-0.015431033447384834,-0.07977563142776489,0.18766343593597412,-0.023941006511449814,-0.23955699801445007,0.029191261157393456,0.09654311835765839,0.18347693979740143,0.10937357693910599,0.12364637851715088,0.03610973432660103,-0.13611635565757751,0.07407280057668686,-0.1298540234565735,0.07474835216999054,0.11429809778928757,0.08881138265132904,0.03062913939356804,0.029168391600251198,-0.1579037755727768,0.04656340181827545,0.08422407507896423,-0.11995358765125275,0.06746507436037064,0.07308516651391983,-0.011669373139739037,-0.030602656304836273,-0.05765208601951599,0.32858672738075256,0.05361824110150337,-0.11226197332143784,-0.17922954261302948,0.16934172809123993,-0.12070047110319138,-0.11736142635345459,0.08561450242996216,-0.12450876832008362,-0.10340379923582077,-0.2823640704154968,0.03859216719865799,0.4191953241825104,0.025611069053411484,-0.2239609807729721,0.03655799478292465,-0.07412149012088776,0.007712595164775848,0.11648072302341461,0.15239641070365906,-0.06541779637336731,0.039956457912921906,-0.15114814043045044,-0.019689876586198807,0.2226378470659256,-0.0717172771692276,-0.04004719480872154,0.17394496500492096,0.007536293938755989,0.08658719807863235,0.032957129180431366,0.02292811870574951,-0.11650411039590836,0.053339675068855286,-0.11785050481557846,-0.026322301477193832,0.15078432857990265,0.03320465609431267,-0.060015901923179626,0.10847107321023941,-0.1116289496421814,0.10252538323402405,-0.019521167501807213,-0.038915541023015976,-0.022432450205087662,0.02233855612576008,-0.09398873150348663,-0.061664097011089325,0.1051514595746994,-0.22504450380802155,0.2239075005054474,0.14064079523086548,0.05575256794691086,0.08778107911348343,0.15492188930511475,0.07709793746471405,0.00041822995990514755,0.011668900959193707,-0.23432913422584534,-0.049549974501132965,0.13366827368736267,-0.054143890738487244,0.13946934044361115,0.03642179071903229
-0.0953388661146164,0.02401549555361271,0.07046820968389511,-0.09417126327753067,-0.1206202283501625,-0.052778881043195724,-0.013837024569511414,-0.09984612464904785,0.10408242791891098,-0.11913695931434631,0.228888601064682,-0.1218818724155426,-0.20669065415859222,-0.08528685569763184,-0.048506930470466614,0.15933853387832642,-0.1678723692893982,-0.17976996302604675,-0.0640457272529602,-0.014640001580119133,0.05933191999793053,-0.021539879962801933,0.018335187807679176,0.052983738481998444,-0.09478385746479034,-0.36482885479927063,-0.11831565946340561,-0.11558680236339569,0.02120797149837017,-0.053206443786621094,0.00042785611003637314,-0.037095844745635986,-0.23306888341903687,-0.03491407632827759,-0.029014047235250473,0.019092639908194542,-0.010689555667340755,-0.08406226336956024,0.18701523542404175,-0.030100233852863312,-0.24413332343101501,0.020405663177371025,0.092351533472538,0.17241540551185608,0.10860292613506317,0.11598409712314606,0.038063064217567444,-0.1331731379032135,0.07328438758850098,-0.126421257853508,0.06867409497499466,0.10378396511077881,0.08713750541210175,0.020977335050702095,0.022082585841417313,-0.14680080115795135,0.04383424296975136,0.0726371556520462,-0.12228454649448395,0.06069982051849365,0.06903117895126343,-0.02243753708899021,-0.038532935082912445,-0.05771408602595329,0.325895220041275,0.056682609021663666,-0.108941949903965,-0.17898201942443848,0.17601236701011658,-0.12600496411323547,-0.10788619518280029,0.07370959222316742,-0.12370353192090988,-0.11097142100334167,-0.28440386056900024,0.035017963498830795,0.4219371974468231,0.03101862594485283,-0.21763873100280762,0.042003829032182693,-0.0819653645157814,0.007508822716772556,0.11605368554592133,0.154392272233963,-0.05876833200454712,0.03845219314098358,-0.14339938759803772,-0.009491723030805588,0.22352291643619537,-0.07329162955284119,-0.04109751805663109,0.1690806746482849,0.0013475753366947174,0.08141574263572693,0.026817578822374344,0.014238330535590649,-0.11213184148073196,0.05966552719473839,-0.10178917646408081,-0.015468577854335308,0.15131540596485138,0.03756176307797432,-0.04860459268093109,0.10942105203866959,-0.11081895977258682,0.0986863374710083,-0.025163918733596802,-0.0382479764521122,-0.007622448727488518,0.028917625546455383,-0.09777044504880905,-0.07558499276638031,0.09616746753454208,-0.221598282456398,0.21703583002090454,0.14040908217430115,0.05807855725288391,0.09712716937065125,0.15184825658798218,0.08111581951379776,0.003331798128783703,0.016670146957039833,-0.24101392924785614,-0.04073440656065941,0.13281722366809845,-0.04990117996931076,0.14110471308231354,0.03747134655714035
-0.09390139579772949,0.02376476675271988,0.054357051849365234,-0.10024552047252655,-0.12704594433307648,-0.044333670288324356,-0.022237254306674004,-0.09685267508029938,0.11049553751945496,-0.11974623799324036,0.21562126278877258,-0.11042390763759613,-0.20900404453277588,-0.08432634174823761,-0.054264284670352936,0.1604086011648178,-0.17307934165000916,-0.1893870234489441,-0.06387057900428772,-0.01564464345574379,0.05519302561879158,-0.02090311050415039,0.009022772312164307,0.052029527723789215,-0.10279782116413116,-0.35436946153640747,-0.11671096086502075,-0.12154392898082733,0.013403775170445442,-0.05533619970083237,0.0013676807284355164,-0.03907763212919235,-0.22644832730293274,-0.026571471244096756,-0.032261937856674194,0.013075074180960655,-0.006687893066555262,-0.08289391547441483,0.17879848182201385,-0.013107182458043098,-0.24840132892131805,0.016892652958631516,0.08525769412517548,0.17534004151821136,0.10391175001859665,0.11893030256032944,0.03375176340341568,-0.13196346163749695,0.07601097226142883,-0.1327606737613678,0.05882535129785538,0.110867939889431,0.07840436697006226,0.028505682945251465,0.01757821813225746,-0.15357881784439087,0.052703119814395905,0.06987325847148895,-0.12871000170707703,0.05279580503702164,0.06185334920883179,-0.02493252418935299,-0.039213113486766815,-0.061720531433820724,0.33510392904281616,0.06898078322410583,-0.1107490062713623,-0.17675191164016724,0.17766472697257996,-0.1219077780842781,-0.11609866470098495,0.06878448277711868,-0.12475685030221939,-0.1093989685177803,-0.28602921962738037,0.036310888826847076,0.4172438681125641,0.04091963917016983,-0.21130046248435974,0.03688021004199982,-0.08313433080911636,0.014327093958854675,0.11054623126983643,0.15248076617717743,-0.0670672059059143,0.038083553314208984,-0.13879810273647308,-0.014618610963225365,0.21821486949920654,-0.07356935739517212,-0.03816710785031319,0.1599401980638504,0.0016831904649734497,0.08458083868026733,0.02427104488015175,0.021392837166786194,-0.11753538250923157,0.06015482172369957,-0.09264466911554337,-0.01388137973845005,0.15515989065170288,0.03811659663915634,-0.03971336781978607,0.11396219581365585,-0.1017410010099411,0.09929805994033813,-0.02313752844929695,-0.04564598947763443,-0.01586313731968403,0.0337570421397686,-0.08657564967870712,-0.07464221119880676,0.09257879108190536,-0.21855105459690094,0.2291279435157776,0.14319908618927002,0.059744276106357574,0.0992579460144043,0.14841650426387787,0.08174996823072433,-0.016528014093637466,0.01609107106924057,-0.23670443892478943,-0.04615303874015808,0.13059015572071075,-0.049571819603443146,0.13712571561336517,0.035917047411203384
-0.09090117365121841,0.029692567884922028,0.03870077431201935,-0.0987977385520935,-0.13041816651821136,-0.039783887565135956,-0.028645412996411324,-0.08547405898571014,0.11413910984992981,-0.11233462393283844,0.2152714729309082,-0.09976305067539215,-0.19785794615745544,-0.08424188196659088,-0.06485637277364731,0.16279630362987518,-0.18335233628749847,-0.17793670296669006,-0.057632509618997574,-0.0037472937256097794,0.06321936100721359,-0.018557429313659668,0.017330195754766464,0.052018262445926666,-0.10138264298439026,-0.3624218702316284,-0.10920621454715729,-0.13289441168308258,0.028457611799240112,-0.04960396885871887,0.006153549998998642,-0.025735270231962204,-0.22335989773273468,-0.022192714735865593,-0.03744335472583771,0.016202567145228386,0.0058137280866503716,-0.0705229714512825,0.18327274918556213,0.0016154106706380844,-0.25106266140937805,0.01874508708715439,0.08135774731636047,0.18519899249076843,0.11423604190349579,0.11749253422021866,0.03770981729030609,-0.13476505875587463,0.085776686668396,-0.12933175265789032,0.06003669649362564,0.09847848862409592,0.08356467634439468,0.025745153427124023,0.02498725801706314,-0.1529013067483902,0.05897955968976021,0.05825570970773697,-0.12905871868133545,0.0375937893986702,0.05509553849697113,-0.008937366306781769,-0.0307125486433506,-0.06395503133535385,0.3432653546333313,0.05950019881129265,-0.10256417095661163,-0.17243865132331848,0.1840953677892685,-0.11407619714736938,-0.11393531411886215,0.07975636422634125,-0.12787657976150513,-0.08720511943101883,-0.3043029308319092,0.027543330565094948,0.4185398519039154,0.03897283226251602,-0.19826358556747437,0.03385966643691063,-0.09090869128704071,0.007348000071942806,0.10948523133993149,0.14404383301734924,-0.06960690021514893,0.025538956746459007,-0.14158454537391663,-0.015391403809189796,0.21460923552513123,-0.0759430080652237,-0.03872038796544075,0.14857083559036255,0.005752725526690483,0.09067431092262268,0.012047567404806614,0.02426186576485634,-0.1278938204050064,0.0631096363067627,-0.09203988313674927,-0.020157191902399063,0.14815551042556763,0.04776521027088165,-0.03587295860052109,0.12812502682209015,-0.11030973494052887,0.08388690650463104,-0.022565655410289764,-0.04495037719607353,-0.005593332462012768,0.0429505929350853,-0.0894366204738617,-0.07678699493408203,0.08802537620067596,-0.21345937252044678,0.22432880103588104,0.13499613106250763,0.05881068855524063,0.08578401803970337,0.148404061794281,0.07677703350782394,-0.03551337867975235,0.013671094551682472,-0.24585716426372528,-0.03751087561249733,0.129192054271698,-0.050771184265613556,0.1258266121149063,0.0358218178153038
-0.08131463080644608,0.023877520114183426,0.03459852933883667,-0.0993165597319603,-0.1414640247821808,-0.0360109843313694,-0.009965537115931511,-0.08028116822242737,0.11479513347148895,-0.11108466982841492,0.22157303988933563,-0.10817577689886093,-0.20196256041526794,-0.07453775405883789,-0.06052732467651367,0.15697601437568665,-0.18353083729743958,-0.1746818572282791,-0.0656965970993042,0.0028871316462755203,0.06362290680408478,-0.01596924662590027,0.004814259707927704,0.054227713495492935,-0.0970761626958847,-0.3587578535079956,-0.10535095632076263,-0.13451963663101196,0.027564115822315216,-0.053107284009456635,0.016636746004223824,-0.02615811489522457,-0.22710935771465302,-0.030884714797139168,-0.03493547812104225,-0.0007755216211080551,0.0037087039090692997,-0.07314352691173553,0.19035604596138,0.0037315180525183678,-0.2623688876628876,0.018999438732862473,0.0845489501953125,0.18421758711338043,0.09912373870611191,0.11341599375009537,0.03301120549440384,-0.1343057006597519,0.08427289128303528,-0.1401962786912918,0.0560760535299778,0.0993129312992096,0.08944934606552124,0.0190315879881382,0.01961088553071022,-0.16107438504695892,0.05609830096364021,0.05966613441705704,-0.13880547881126404,0.049256179481744766,0.05881255492568016,-0.009396031498908997,-0.03503372520208359,-0.06636451929807663,0.3310259282588959,0.05589783936738968,-0.103449746966362,-0.17085380852222443,0.1785939633846283,-0.11752407997846603,-0.11497766524553299,0.08161791414022446,-0.1245771050453186,-0.102841317653656,-0.30493348836898804,0.029774338006973267,0.4307597577571869,0.041934508830308914,-0.20855072140693665,0.02706057019531727,-0.08578938990831375,0.008976766839623451,0.11594440042972565,0.15274310111999512,-0.06369572132825851,0.028840981423854828,-0.13653349876403809,-0.010982967913150787,0.2090020328760147,-0.07935480773448944,-0.04022487998008728,0.15536674857139587,0.004816135391592979,0.08655142784118652,0.011900403536856174,0.023861991241574287,-0.12199667096138,0.05967000126838684,-0.09413959085941315,-0.012371538206934929,0.14937637746334076,0.04529484733939171,-0.03787330538034439,0.12750546634197235,-0.1151387169957161,0.08786081522703171,-0.022891145199537277,-0.05676620081067085,-0.010172848589718342,0.03652238845825195,-0.08313119411468506,-0.07042720913887024,0.09283241629600525,-0.21284541487693787,0.22322244942188263,0.13670001924037933,0.05160222202539444,0.09037836641073227,0.14589838683605194,0.06899911910295486,-0.028172671794891357,0.012441013939678669,-0.253264456987381,-0.04286610335111618,0.12913113832473755,-0.05457694083452225,0.12557102739810944,0.024788055568933487
-0.08286798000335693,0.023770172148942947,0.03531971201300621,-0.10032596439123154,-0.14587824046611786,-0.039937373250722885,-0.006062708795070648,-0.0829949676990509,0.11479924619197845,-0.11401641368865967,0.21991530060768127,-0.10839975625276566,-0.20322762429714203,-0.07294712215662003,-0.057684220373630524,0.16071589291095734,-0.18643996119499207,-0.168180912733078,-0.06732197105884552,0.0007387548685073853,0.06325367093086243,-0.012925655581057072,0.010071052238345146,0.0591757670044899,-0.09031625092029572,-0.3600945770740509,-0.10307592153549194,-0.1393168419599533,0.03566939756274223,-0.04800372198224068,0.01849794015288353,-0.026043333113193512,-0.2256167232990265,-0.03137865662574768,-0.037620723247528076,0.000775730237364769,0.003979959990829229,-0.07062637805938721,0.19167570769786835,-0.0033509256318211555,-0.258953332901001,0.018912140280008316,0.07812266051769257,0.17988917231559753,0.09952448308467865,0.11333752423524857,0.03795110806822777,-0.1353493481874466,0.07996059209108353,-0.1408715844154358,0.056662075221538544,0.08923176676034927,0.09021656215190887,0.010551569052040577,0.021533772349357605,-0.16350337862968445,0.04968101531267166,0.0534735843539238,-0.1409241259098053,0.04873589798808098,0.057985737919807434,-0.010347140952944756,-0.0357983261346817,-0.06934032589197159,0.3381032943725586,0.051201995462179184,-0.10669529438018799,-0.16163967549800873,0.18724054098129272,-0.12141264230012894,-0.11101163178682327,0.0768759623169899,-0.11995172500610352,-0.09389937669038773,-0.30849722027778625,0.02611754834651947,0.4371660053730011,0.038330551236867905,-0.21218182146549225,0.02333143912255764,-0.09142986685037613,0.0071813566610217094,0.1107635647058487,0.1514938920736313,-0.06326183676719666,0.023384343832731247,-0.13700078427791595,-0.01111319288611412,0.20527172088623047,-0.08432760834693909,-0.03829367831349373,0.15571755170822144,0.009489097632467747,0.08567608892917633,0.011275040917098522,0.021958282217383385,-0.12360455095767975,0.051248565316200256,-0.09261350333690643,-0.010532661341130733,0.1444856822490692,0.040054671466350555,-0.039651744067668915,0.12886184453964233,-0.11650936305522919,0.09099481254816055,-0.024223817512392998,-0.06330316513776779,-0.008833632804453373,0.0420432947576046,-0.08874713629484177,-0.07478073984384537,0.0990152433514595,-0.2087235301733017,0.2206517457962036,0.13777409493923187,0.0488271564245224,0.09455171972513199,0.1388445645570755,0.07479920983314514,-0.031798362731933594,0.015315888449549675,-0.2537810206413269,-0.04658939316868782,0.13015702366828918,-0.05907011404633522,0.1265886276960373,0.03072875738143921
-0.07960981875658035,0.024098552763462067,0.034523703157901764,-0.0930127203464508,-0.13848069310188293,-0.04444243758916855,-0.0039351824671030045,-0.07999930530786514,0.1187269315123558,-0.10951466858386993,0.2201807051897049,-0.10194054245948792,-0.19593414664268494,-0.08085112273693085,-0.05166029930114746,0.16216778755187988,-0.1904417872428894,-0.16922983527183533,-0.06535440683364868,0.00199187733232975,0.0625571757555008,-0.018048953264951706,0.014800138771533966,0.060184430330991745,-0.09576203674077988,-0.3614680767059326,-0.10067939758300781,-0.14556169509887695,0.04591339826583862,-0.045053962618112564,0.013675831258296967,-0.014414342120289803,-0.22554507851600647,-0.03270725905895233,-0.03923603892326355,0.0006241146475076675,0.0030335846822708845,-0.06765573471784592,0.1963685154914856,-0.0009926902130246162,-0.2616932690143585,0.011429963633418083,0.06840934604406357,0.1836986392736435,0.10283514112234116,0.10549675673246384,0.04468511417508125,-0.1341579407453537,0.08112148195505142,-0.13251373171806335,0.05773279815912247,0.09259022772312164,0.09278593957424164,0.013826152309775352,0.01933591067790985,-0.16740034520626068,0.051535703241825104,0.05478370189666748,-0.14338745176792145,0.04605696722865105,0.05552875995635986,-0.013024529442191124,-0.03096851333975792,-0.06716962903738022,0.33699995279312134,0.04494783654808998,-0.10494955629110336,-0.15847328305244446,0.18608154356479645,-0.11550089716911316,-0.1001393049955368,0.08147680014371872,-0.12651601433753967,-0.0967845469713211,-0.3155521750450134,0.023479389026761055,0.4300527274608612,0.03801244869828224,-0.2084856927394867,0.02468891814351082,-0.09441472589969635,0.005049538798630238,0.11481354385614395,0.15719172358512878,-0.06462566554546356,0.02663329802453518,-0.13810352981090546,-0.010061068460345268,0.19666291773319244,-0.0839313268661499,-0.03937007859349251,0.14990299940109253,0.005865601822733879,0.08506287634372711,0.006381843239068985,0.019673161208629608,-0.12482573091983795,0.0540253147482872,-0.08958940953016281,-0.011106351390480995,0.1375551074743271,0.042345404624938965,-0.039185795933008194,0.12839971482753754,-0.11104514449834824,0.08467676490545273,-0.01813117414712906,-0.05505875498056412,-0.010414564050734043,0.03844255954027176,-0.08913696557283401,-0.08274844288825989,0.09502183645963669,-0.20650924742221832,0.21685244143009186,0.13803651928901672,0.046921227127313614,0.09543099254369736,0.1376466453075409,0.07553274929523468,-0.040060341358184814,0.010528385639190674,-0.2552996277809143,-0.030321292579174042,0.13533915579319,-0.05631978437304497,0.12566164135932922,0.02785584330558777
-0.08101728558540344,0.02393210306763649,0.03489766642451286,-0.10198792070150375,-0.1381177008152008,-0.03594029322266579,-0.011485928669571877,-0.07866819202899933,0.12149378657341003,-0.11735849827528,0.22366248071193695,-0.1008494570851326,-0.1981818675994873,-0.07947775721549988,-0.05582565441727638,0.1563018262386322,-0.19150085747241974,-0.1691925972700119,-0.05951181799173355,0.008914127945899963,0.05842386558651924,-0.01316169835627079,0.017366953194141388,0.05484195426106453,-0.10258147120475769,-0.36173489689826965,-0.10203562676906586,-0.1385943442583084,0.033736702054739,-0.038898568600416183,0.011794582940638065,-0.021581405773758888,-0.2326434701681137,-0.033845238387584686,-0.0355936698615551,0.01750456728041172,0.003826610278338194,-0.06282942742109299,0.19062493741512299,0.0037284428253769875,-0.2567657232284546,0.016640981659293175,0.07094424962997437,0.18566259741783142,0.09918002784252167,0.11538135260343552,0.03992462903261185,-0.13915753364562988,0.08501312881708145,-0.1467422991991043,0.06512270867824554,0.09470245242118835,0.08976408839225769,0.014044925570487976,0.015362976118922234,-0.16181060671806335,0.05521520972251892,0.06534717231988907,-0.13716258108615875,0.046427711844444275,0.062433645129203796,-0.005198497325181961,-0.03213820606470108,-0.06767072528600693,0.34625744819641113,0.053782835602760315,-0.10921601206064224,-0.16063624620437622,0.18843591213226318,-0.11435090750455856,-0.1106550469994545,0.08061709254980087,-0.12345690280199051,-0.09771361947059631,-0.31346845626831055,0.03118937462568283,0.42976197600364685,0.044638492166996,-0.20925423502922058,0.02229885943233967,-0.0975310429930687,0.015717696398496628,0.11286120861768723,0.1551724374294281,-0.061638422310352325,0.02809763513505459,-0.13944213092327118,-0.015218524262309074,0.20850183069705963,-0.08151259273290634,-0.0380735769867897,0.15306395292282104,0.013456837274134159,0.09178096055984497,0.011963797733187675,0.017133619636297226,-0.12357938289642334,0.05032011866569519,-0.10329952836036682,-0.010307091288268566,0.1376788169145584,0.04729728400707245,-0.043042704463005066,0.13623620569705963,-0.11677559465169907,0.09307564795017242,-0.024116382002830505,-0.06610610336065292,-0.0009604385122656822,0.037666261196136475,-0.08099709451198578,-0.08468646556138992,0.09455586969852448,-0.2118588238954544,0.2178453505039215,0.13689644634723663,0.05529871955513954,0.1009717732667923,0.14352242648601532,0.08003007620573044,-0.036509688943624496,0.0173951368778944,-0.25877171754837036,-0.042735252529382706,0.1295638233423233,-0.0579616017639637,0.1256178915500641,0.02757038176059723
-0.08101728558540344,0.02393210306763649,0.03489766642451286,-0.10198792070150375,-0.1381177008152008,-0.03594029322266579,-0.011485928669571877,-0.07866819202899933,0.12149378657341003,-0.11735849827528,0.22366248071193695,-0.1008494570851326,-0.1981818675994873,-0.07947775721549988,-0.05582565441727638,0.1563018262386322,-0.19150085747241974,-0.1691925972700119,-0.05951181799173355,0.008914127945899963,0.05842386558651924,-0.01316169835627079,0.017366953194141388,0.05484195426106453,-0.10258147120475769,-0.36173489689826965,-0.10203562676906586,-0.1385943442583084,0.033736702054739,-0.038898568600416183,0.011794582940638065,-0.021581405773758888,-0.2326434701681137,-0.033845238387584686,-0.0355936698615551,0.01750456728041172,0.003826610278338194,-0.06282942742109299,0.19062493741512299,0.0037284428253769875,-0.2567657232284546,0.016640981659293175,0.07094424962997437,0.18566259741783142,0.09918002784252167,0.11538135260343552,0.03992462903261185,-0.13915753364562988,0.08501312881708145,-0.1467422991991043,0.06512270867824554,0.09470245242118835,0.08976408839225769,0.014044925570487976,0.015362976118922234,-0.16181060671806335,0.05521520972251892,0.06534717231988907,-0.13716258108615875,0.046427711844444275,0.062433645129203796,-0.005198497325181961,-0.03213820606470108,-0.06767072528600693,0.34625744819641113,0.053782835602760315,-0.10921601206064224,-0.16063624620437622,0.18843591213226318,-0.11435090750455856,-0.1106550469994545,0.08061709254980087,-0.12345690280199051,-0.09771361947059631,-0.31346845626831055,0.03118937462568283,0.42976197600364685,0.044638492166996,-0.20925423502922058,0.02229885943233967,-0.0975310429930687,0.015717696398496628,0.11286120861768723,0.1551724374294281,-0.061638422310352325,0.02809763513505459,-0.13944213092327118,-0.015218524262309074,0.20850183069705963,-0.08151259273290634,-0.0380735769867897,0.15306395292282104,0.013456837274134159,0.09178096055984497,0.011963797733187675,0.017133619636297226,-0.12357938289642334,0.05032011866569519,-0.10329952836036682,-0.010307091288268566,0.1376788169145584,0.04729728400707245,-0.043042704463005066,0.13623620569705963,-0.11677559465169907,0.09307564795017242,-0.024116382002830505,-0.06610610336065292,-0.0009604385122656822,0.037666261196136475,-0.08099709451198578,-0.08468646556138992,0.09455586969852448,-0.2118588238954544,0.2178453505039215,0.13689644634723663,0.05529871955513954,0.1009717732667923,0.14352242648601532,0.08003007620573044,-0.036509688943624496,0.0173951368778944,-0.25877171754837036,-0.042735252529382706,0.1295638233423233,-0.0579616017639637,0.1256178915500641,0.02757038176059723
-0.08818285912275314,0.019143100827932358,0.031037161126732826,-0.0971103236079216,-0.13767284154891968,-0.051880668848752975,0.0013855081051588058,-0.07695867866277695,0.12127192318439484,-0.1134195551276207,0.23698380589485168,-0.10382705181837082,-0.2028345763683319,-0.07949648052453995,-0.0547630749642849,0.15893307328224182,-0.19560329616069794,-0.16425013542175293,-0.06387187540531158,0.0028781257569789886,0.0614253468811512,-0.01832055114209652,0.020624814555048943,0.05879463255405426,-0.10294979810714722,-0.360164076089859,-0.09681858122348785,-0.13643939793109894,0.03973814845085144,-0.03962402045726776,0.018801014870405197,-0.016205186024308205,-0.237375408411026,-0.04307962954044342,-0.03215162456035614,0.01877208612859249,0.0034057903103530407,-0.06643783301115036,0.19919386506080627,-0.003695538267493248,-0.2602657079696655,0.009649861603975296,0.06888600438833237,0.19281522929668427,0.09014374017715454,0.10535261034965515,0.040586814284324646,-0.14203515648841858,0.08093906193971634,-0.1501941680908203,0.06397029012441635,0.09315692633390427,0.09441964328289032,0.005023689940571785,0.01277999859303236,-0.1548239290714264,0.05650695413351059,0.06946799159049988,-0.14291761815547943,0.03952496871352196,0.0698678120970726,-0.0057901255786418915,-0.03551597148180008,-0.07781609147787094,0.3404950201511383,0.04602614790201187,-0.11593169718980789,-0.15463097393512726,0.18221615254878998,-0.11528117954730988,-0.1105535700917244,0.08179926127195358,-0.11922872066497803,-0.10562901198863983,-0.3299638330936432,0.028260422870516777,0.431742787361145,0.04060731083154678,-0.20676782727241516,0.02453933283686638,-0.09668199717998505,0.01250429917126894,0.11449585855007172,0.15959616005420685,-0.06219474971294403,0.034026578068733215,-0.1403064727783203,-0.0061632078140974045,0.20368939638137817,-0.08279488980770111,-0.044496867805719376,0.14951558411121368,0.013220122084021568,0.08806496858596802,0.00877630989998579,0.021228307858109474,-0.12083752453327179,0.047288019210100174,-0.10197858512401581,0.0005943421274423599,0.13977138698101044,0.04751940816640854,-0.04696075990796089,0.13361063599586487,-0.12014424055814743,0.09005511552095413,-0.021779296919703484,-0.0693526342511177,-7.88327306509018e-05,0.02886686846613884,-0.08491600304841995,-0.08525005728006363,0.08937449753284454,-0.2172313779592514,0.21444997191429138,0.14300347864627838,0.05556022748351097,0.10176455974578857,0.14233233034610748,0.06657352298498154,-0.03444569557905197,0.017555994912981987,-0.2643416225910187,-0.04179941490292549,0.13234162330627441,-0.06225525587797165,0.12969174981117249,0.022435544058680534
-0.08461732417345047,0.015341164544224739,0.045317016541957855,-0.08114410936832428,-0.13375094532966614,-0.06550141423940659,0.008647875860333443,-0.07713969796895981,0.1148262619972229,-0.12078148126602173,0.24997739493846893,-0.1109207272529602,-0.21852916479110718,-0.08237051963806152,-0.04634498432278633,0.16292034089565277,-0.18528474867343903,-0.16717574000358582,-0.060994505882263184,-0.005966005846858025,0.053452715277671814,-0.020379481837153435,0.016874585300683975,0.05330335721373558,-0.10690658539533615,-0.3554561138153076,-0.0910203829407692,-0.13890743255615234,0.03891168534755707,-0.037340275943279266,0.012805666774511337,-0.021453244611620903,-0.24389256536960602,-0.04556436836719513,-0.023466890677809715,0.02490604855120182,-0.0028097929898649454,-0.05702805891633034,0.21131277084350586,-0.010641973465681076,-0.24921727180480957,6.427988409996033e-06,0.0586850568652153,0.1953125,0.082868792116642,0.10499199479818344,0.02829762175679207,-0.14140363037586212,0.0868912935256958,-0.16149774193763733,0.07495306432247162,0.09713469445705414,0.09542526304721832,0.009229321032762527,0.009385543875396252,-0.13764588534832,0.0510714054107666,0.07771448791027069,-0.1507696658372879,0.045196667313575745,0.08226125687360764,-0.01568526029586792,-0.0509960874915123,-0.09167531132698059,0.3423972725868225,0.03448723629117012,-0.1252039521932602,-0.1429848074913025,0.18628409504890442,-0.12455981969833374,-0.11352723091840744,0.07532747089862823,-0.11079507321119308,-0.10202117264270782,-0.3381330966949463,0.028753427788615227,0.4243377149105072,0.040806569159030914,-0.21610747277736664,0.015969913452863693,-0.09404728561639786,0.010383560322225094,0.11835788190364838,0.14967407286167145,-0.04334359988570213,0.02673940733075142,-0.13797196745872498,-0.008507873862981796,0.2081422656774521,-0.08906774967908859,-0.03813000023365021,0.15327943861484528,0.006890377029776573,0.09629348665475845,0.004247705917805433,0.012934910133481026,-0.11432459205389023,0.027663182467222214,-0.10712841898202896,0.005247577093541622,0.12975484132766724,0.04744895547628403,-0.054706837981939316,0.12968042492866516,-0.1202511340379715,0.09618633985519409,-0.01833222061395645,-0.06686965376138687,0.00787036307156086,0.024946779012680054,-0.09735941141843796,-0.09467405080795288,0.09309476613998413,-0.2180216908454895,0.2230435609817505,0.13987402617931366,0.05637113377451897,0.09177445620298386,0.13248682022094727,0.05840212106704712,-0.037034712731838226,0.010703830048441887,-0.277006059885025,-0.05458693951368332,0.1322895884513855,-0.06732906401157379,0.12662877142429352,0.019894389435648918
-0.08186984807252884,0.01563837006688118,0.042137496173381805,-0.07870141416788101,-0.1319155991077423,-0.05978649854660034,0.002150166779756546,-0.07763931900262833,0.12091431021690369,-0.12487263977527618,0.23622828722000122,-0.10402202606201172,-0.2109442502260208,-0.08309530466794968,-0.05335748568177223,0.1643877476453781,-0.1849946230649948,-0.16915306448936462,-0.048386164009571075,0.003107123076915741,0.05715857818722725,-0.02958780527114868,0.01468111015856266,0.058187928050756454,-0.11134856939315796,-0.3534119427204132,-0.09399373829364777,-0.12967801094055176,0.028501439839601517,-0.0371558777987957,0.008092029951512814,-0.0035090178716927767,-0.24143919348716736,-0.037017688155174255,-0.022460496053099632,0.0337628573179245,0.00932300928980112,-0.04748563468456268,0.21125763654708862,-0.0012068189680576324,-0.2541937828063965,0.0031450940296053886,0.05780075117945671,0.19825968146324158,0.08640651404857635,0.10662047564983368,0.030970077961683273,-0.13404929637908936,0.10488177835941315,-0.15298767387866974,0.07458034157752991,0.10563941299915314,0.10176438838243484,0.0021753543987870216,0.006015601567924023,-0.13735882937908173,0.05126440152525902,0.0717499703168869,-0.13749495148658752,0.041391048580408096,0.08540580421686172,-0.015810927376151085,-0.045601923018693924,-0.0871211588382721,0.32671231031417847,0.03489350900053978,-0.11212491989135742,-0.1582568883895874,0.19064903259277344,-0.12479238212108612,-0.11361408978700638,0.07521255314350128,-0.12139125168323517,-0.09878866374492645,-0.3321364223957062,0.018690938130021095,0.4225980341434479,0.04936384782195091,-0.20197854936122894,0.029430752620100975,-0.1001933142542839,0.012204195372760296,0.11624278128147125,0.14869558811187744,-0.03915613144636154,0.03361765295267105,-0.13659889996051788,-0.009635236114263535,0.21587954461574554,-0.08363644778728485,-0.03844301775097847,0.14985914528369904,0.008319174870848656,0.1027083545923233,-0.006200617179274559,-0.008572610095143318,-0.1089194193482399,0.04260227829217911,-0.1059405654668808,0.0020031705498695374,0.11619750410318375,0.05502829700708389,-0.04399600252509117,0.13112930953502655,-0.13106980919837952,0.0926361083984375,-0.019627470523118973,-0.04691562056541443,0.0106520876288414,0.04448956251144409,-0.10988591611385345,-0.094185471534729,0.08755860477685928,-0.21864189207553864,0.21592052280902863,0.13590823113918304,0.05694657564163208,0.07864293456077576,0.14129160344600677,0.06472907960414886,-0.026890592649579048,0.009461620822548866,-0.27604445815086365,-0.05070825293660164,0.13435207307338715,-0.06740284711122513,0.12367748469114304,0.022210940718650818
-0.08186984807252884,0.01563837006688118,0.042137496173381805,-0.07870141416788101,-0.1319155991077423,-0.05978649854660034,0.002150166779756546,-0.07763931900262833,0.12091431021690369,-0.12487263977527618,0.23622828722000122,-0.10402202606201172,-0.2109442502260208,-0.08309530466794968,-0.05335748568177223,0.1643877476453781,-0.1849946230649948,-0.16915306448936462,-0.048386164009571075,0.003107123076915741,0.05715857818722725,-0.02958780527114868,0.01468111015856266,0.058187928050756454,-0.11134856939315796,-0.3534119427204132,-0.09399373829364777,-0.12967801094055176,0.028501439839601517,-0.0371558777987957,0.008092029951512814,-0.0035090178716927767,-0.24143919348716736,-0.037017688155174255,-0.022460496053099632,0.0337628573179245,0.00932300928980112,-0.04748563468456268,0.21125763654708862,-0.0012068189680576324,-0.2541937828063965,0.0031450940296053886,0.05780075117945671,0.19825968146324158,0.08640651404857635,0.10662047564983368,0.030970077961683273,-0.13404929637908936,0.10488177835941315,-0.15298767387866974,0.07458034157752991,0.10563941299915314,0.10176438838243484,0.0021753543987870216,0.006015601567924023,-0.13735882937908173,0.05126440152525902,0.0717499703168869,-0.13749495148658752,0.041391048580408096,0.08540580421686172,-0.015810927376151085,-0.045601923018693924,-0.0871211588382721,0.32671231031417847,0.03489350900053978,-0.11212491989135742,-0.1582568883895874,0.19064903259277344,-0.12479238212108612,-0.11361408978700638,0.07521255314350128,-0.12139125168323517,-0.09878866374492645,-0.3321364223957062,0.018690938130021095,0.4225980341434479,0.04936384782195091,-0.20197854936122894,0.029430752620100975,-0.1001933142542839,0.012204195372760296,0.11624278128147125,0.14869558811187744,-0.03915613144636154,0.03361765295267105,-0.13659889996051788,-0.009635236114263535,0.21587954461574554,-0.08363644778728485,-0.03844301775097847,0.14985914528369904,0.008319174870848656,0.1027083545923233,-0.006200617179274559,-0.008572610095143318,-0.1089194193482399,0.04260227829217911,-0.1059405654668808,0.0020031705498695374,0.11619750410318375,0.05502829700708389,-0.04399600252509117,0.13112930953502655,-0.13106980919837952,0.0926361083984375,-0.019627470523118973,-0.04691562056541443,0.0106520876288414,0.04448956251144409,-0.10988591611385345,-0.094185471534729,0.08755860477685928,-0.21864189207553864,0.21592052280902863,0.13590823113918304,0.05694657564163208,0.07864293456077576,0.14129160344600677,0.06472907960414886,-0.026890592649579048,0.009461620822548866,-0.27604445815086365,-0.05070825293660164,0.13435207307338715,-0.06740284711122513,0.12367748469114304,0.022210940718650818
-0.08549228310585022,0.030529653653502464,0.03899746388196945,-0.08515720069408417,-0.13993626832962036,-0.0573248527944088,-0.006099021062254906,-0.08225664496421814,0.12324080616235733,-0.12950529158115387,0.24261325597763062,-0.1002449169754982,-0.211394801735878,-0.07438360899686813,-0.0517873540520668,0.15975341200828552,-0.1888248324394226,-0.17426227033138275,-0.05169231444597244,0.0088665671646595,0.050593163818120956,-0.033172670751810074,0.02032468095421791,0.04385495185852051,-0.11756628751754761,-0.36610621213912964,-0.10004235804080963,-0.12365510314702988,0.031260497868061066,-0.03608164191246033,0.01845276914536953,-0.004669295158237219,-0.23742903769016266,-0.0279048103839159,-0.015973757952451706,0.028975121676921844,0.0026258444413542747,-0.043293021619319916,0.21918456256389618,-0.001955891028046608,-0.2593212425708771,0.007205249276012182,0.06288111954927444,0.2030944973230362,0.09027677774429321,0.10964960604906082,0.029484348371624947,-0.13255846500396729,0.10970424115657806,-0.15617811679840088,0.07290250808000565,0.10714233666658401,0.09824710339307785,-0.003696267493069172,0.01712106354534626,-0.13107018172740936,0.04935501515865326,0.07205673307180405,-0.13937413692474365,0.0340571328997612,0.08977629989385605,-0.019476694986224174,-0.04785115271806717,-0.09382256865501404,0.33586928248405457,0.037897516041994095,-0.11700689792633057,-0.15703940391540527,0.19053924083709717,-0.12061844021081924,-0.10607656091451645,0.07606611400842667,-0.11940429359674454,-0.09755706042051315,-0.3271462619304657,0.015346549451351166,0.42792826890945435,0.04969096556305885,-0.19101794064044952,0.03135674446821213,-0.10031886398792267,0.006460113450884819,0.10494102537631989,0.1408510059118271,-0.04993890970945358,0.027310196310281754,-0.13848936557769775,-0.013210976496338844,0.22601419687271118,-0.08764301240444183,-0.03551856428384781,0.15063153207302094,0.005724044516682625,0.10717472434043884,-0.009727388620376587,-0.01571037620306015,-0.12252218276262283,0.02902241423726082,-0.10912152379751205,-0.0023989779874682426,0.10272249579429626,0.05236917734146118,-0.04716488718986511,0.13446563482284546,-0.13051298260688782,0.09130547940731049,-0.019720638170838356,-0.04701472446322441,0.007494261488318443,0.0502585843205452,-0.10599149018526077,-0.1031523272395134,0.08103911578655243,-0.22507230937480927,0.2130582332611084,0.130865216255188,0.05972064286470413,0.07850587368011475,0.1482723206281662,0.05527603626251221,-0.029547598212957382,0.021488986909389496,-0.26992470026016235,-0.05629940330982208,0.12836049497127533,-0.06623712182044983,0.12353533506393433,0.019481105729937553
-0.07855302840471268,0.012493602000176907,0.03179919719696045,-0.09270579367876053,-0.15282295644283295,-0.05612355098128319,-0.0034710895270109177,-0.07540666311979294,0.1139410063624382,-0.11443914473056793,0.2360539585351944,-0.1225820854306221,-0.2213221937417984,-0.06544916331768036,-0.05387348681688309,0.1630786508321762,-0.18141266703605652,-0.16599811613559723,-0.06446319818496704,-0.007277458906173706,0.051452573388814926,-0.02438395842909813,-0.00036141148302704096,0.060625799000263214,-0.11036598682403564,-0.36426612734794617,-0.08951708674430847,-0.12543605268001556,0.013312747702002525,-0.03822794556617737,0.023671574890613556,-0.01588134467601776,-0.24252274632453918,-0.035898543894290924,-0.023616449907422066,0.021408269181847572,-0.0014872830361127853,-0.06398986279964447,0.19513967633247375,-0.0051894644275307655,-0.256293922662735,0.006617279723286629,0.06598065793514252,0.17943328619003296,0.08439245074987411,0.1174984723329544,0.03048478066921234,-0.13634243607521057,0.08846437931060791,-0.1579122245311737,0.059001050889492035,0.10435135662555695,0.08531317859888077,0.0025810394436120987,-0.0012624654918909073,-0.13565319776535034,0.04899386316537857,0.08638973534107208,-0.1556607484817505,0.03563753515481949,0.07989512383937836,-0.02102901041507721,-0.05300915986299515,-0.0995698869228363,0.3441442847251892,0.05702386051416397,-0.11780737340450287,-0.15505266189575195,0.19454599916934967,-0.1317402720451355,-0.12703557312488556,0.05944287031888962,-0.10615935176610947,-0.10784652084112167,-0.32791057229042053,0.02626778557896614,0.4336419999599457,0.054626718163490295,-0.2119343876838684,0.023491941392421722,-0.097865991294384,0.021049421280622482,0.11562177538871765,0.1391669064760208,-0.044198647141456604,0.02050539292395115,-0.13357043266296387,-0.02052806317806244,0.219267800450325,-0.07984386384487152,-0.036918528378009796,0.15506653487682343,0.006545873358845711,0.09685897827148438,0.00533609464764595,0.00035800912883132696,-0.12047483772039413,0.04023239389061928,-0.09565292298793793,-0.0010864157229661942,0.12574219703674316,0.0485818088054657,-0.03698553517460823,0.12724237143993378,-0.12217496335506439,0.10704100877046585,-0.024193175137043,-0.056108489632606506,0.01124114915728569,0.04742124676704407,-0.08939395099878311,-0.09439144283533096,0.09630290418863297,-0.2238224446773529,0.2220354676246643,0.13164615631103516,0.06042831763625145,0.0998639464378357,0.14013874530792236,0.07239866256713867,-0.033945634961128235,0.01366784144192934,-0.27883073687553406,-0.06032295152544975,0.1288626790046692,-0.0658913254737854,0.1327919065952301,0.02994277887046337
-0.0857030525803566,0.02262408658862114,0.035026922821998596,-0.0943191796541214,-0.15521790087223053,-0.061971865594387054,-0.009750373661518097,-0.0758030042052269,0.1120167225599289,-0.11241183429956436,0.24003425240516663,-0.12115763872861862,-0.2212372124195099,-0.07172700762748718,-0.05398096516728401,0.16203665733337402,-0.178111732006073,-0.16404928267002106,-0.059182316064834595,-0.004042539745569229,0.05443199351429939,-0.02519167587161064,0.009140029549598694,0.06172747164964676,-0.116551473736763,-0.3658157289028168,-0.09251315146684647,-0.12200804054737091,0.012043897062540054,-0.042012423276901245,0.024606551975011826,-0.023999830707907677,-0.2430596798658371,-0.04087912663817406,-0.024739839136600494,0.028159499168395996,-0.0030135605484247208,-0.06156940013170242,0.19191838800907135,-0.0023367227986454964,-0.2568807005882263,0.0012358753010630608,0.06033899635076523,0.18300464749336243,0.08820166438817978,0.11784688383340836,0.03661813586950302,-0.13711321353912354,0.08474816381931305,-0.15822440385818481,0.05781976878643036,0.09887216985225677,0.08272282779216766,0.0010631745681166649,0.000851302407681942,-0.13007807731628418,0.049659572541713715,0.09183385968208313,-0.15582768619060516,0.03573416918516159,0.08129841089248657,-0.021970326080918312,-0.05425756424665451,-0.0993579551577568,0.3462773561477661,0.057997167110443115,-0.12017782032489777,-0.15622520446777344,0.19752776622772217,-0.133508563041687,-0.1300472617149353,0.06679803878068924,-0.09756487607955933,-0.1075267493724823,-0.332354336977005,0.025115033611655235,0.42691776156425476,0.05514323711395264,-0.21398340165615082,0.015923883765935898,-0.09499796479940414,0.024503247812390327,0.10850252956151962,0.1374509483575821,-0.04809778183698654,0.02859368547797203,-0.13767482340335846,-0.023811135441064835,0.2213318943977356,-0.07857324182987213,-0.03650233522057533,0.1585921347141266,0.009200056083500385,0.10072632879018784,0.013255355879664421,0.007199740968644619,-0.1228247731924057,0.039600223302841187,-0.09604091942310333,0.0007038982585072517,0.131730854511261,0.039029188454151154,-0.03904877230525017,0.12581399083137512,-0.12306731194257736,0.11256761848926544,-0.028479335829615593,-0.058504194021224976,0.005146194715052843,0.04338231682777405,-0.0907648578286171,-0.09022069722414017,0.10070314258337021,-0.2256178855895996,0.22437754273414612,0.13819807767868042,0.060814231634140015,0.10024773329496384,0.14437302947044373,0.0693809986114502,-0.036060262471437454,0.012422238476574421,-0.269339382648468,-0.06523298472166061,0.12305161356925964,-0.07533714175224304,0.1364583820104599,0.028790762647986412
-0.0888044461607933,0.027861708775162697,0.044344671070575714,-0.08243303000926971,-0.1509833037853241,-0.06674651801586151,-0.008931780233979225,-0.07468734681606293,0.1177869439125061,-0.11082243174314499,0.23452039062976837,-0.11008069664239883,-0.21725225448608398,-0.0687483698129654,-0.054678842425346375,0.16228541731834412,-0.1823800653219223,-0.17377248406410217,-0.06020303815603256,-0.005165917798876762,0.05642084404826164,-0.03785593807697296,0.0050791120156645775,0.05079368129372597,-0.1135973185300827,-0.37051379680633545,-0.10055360198020935,-0.1273791491985321,0.02571934275329113,-0.05018181353807449,0.023740146309137344,-0.024656832218170166,-0.24290591478347778,-0.04341408237814903,-0.02924541011452675,0.013781385496258736,-0.009475736878812313,-0.058395206928253174,0.2023634910583496,-0.006865075323730707,-0.26303452253341675,-0.0013446584343910217,0.06655079126358032,0.18869204819202423,0.10325350612401962,0.12348799407482147,0.0259665846824646,-0.13369400799274445,0.09365329146385193,-0.15720342099666595,0.05651847645640373,0.11347571015357971,0.07119045406579971,0.016504963859915733,0.012427505105733871,-0.12766826152801514,0.06106781214475632,0.08613371849060059,-0.16075856983661652,0.030498618260025978,0.08396010100841522,-0.027210699394345284,-0.0459984727203846,-0.08916025608778,0.35470452904701233,0.04615478217601776,-0.1140255257487297,-0.15260016918182373,0.2044137418270111,-0.130049467086792,-0.11292831599712372,0.07352450489997864,-0.10742788761854172,-0.10334770381450653,-0.33305296301841736,0.02459118515253067,0.43571287393569946,0.05283360555768013,-0.19516628980636597,0.026808002963662148,-0.10734046250581741,0.01606367900967598,0.11526678502559662,0.12735414505004883,-0.0504598543047905,0.01792440190911293,-0.13967859745025635,-0.027444155886769295,0.22097352147102356,-0.07037102431058884,-0.03279762342572212,0.15014846622943878,0.00608800258487463,0.09328475594520569,0.012666997499763966,0.009001404047012329,-0.1300603598356247,0.02832714654505253,-0.10583849996328354,-0.011380934156477451,0.12092475593090057,0.042734965682029724,-0.04248497635126114,0.13206563889980316,-0.11830644309520721,0.09959471225738525,-0.01770210452377796,-0.047036875039339066,-0.00382792204618454,0.041836246848106384,-0.09702429175376892,-0.09537184238433838,0.09227602183818817,-0.22842258214950562,0.23179806768894196,0.13290250301361084,0.05688818544149399,0.08524343371391296,0.1399548500776291,0.0628221184015274,-0.052237026393413544,0.004354262724518776,-0.267474502325058,-0.05450758337974548,0.12623849511146545,-0.06802769005298615,0.13410931825637817,0.025909408926963806
-0.09372831135988235,0.029270866885781288,0.03433431684970856,-0.09010326117277145,-0.15379439294338226,-0.06479037553071976,-0.01719004288315773,-0.07226995378732681,0.11536768823862076,-0.10841065645217896,0.23475153744220734,-0.1151897981762886,-0.20100587606430054,-0.07952448725700378,-0.06510581076145172,0.16654883325099945,-0.18623921275138855,-0.16688261926174164,-0.050425752997398376,0.0016853269189596176,0.0615324005484581,-0.0337846465408802,0.0017948015592992306,0.06116708368062973,-0.11665035784244537,-0.36706167459487915,-0.09287557005882263,-0.1273840069770813,0.021875491365790367,-0.04375964030623436,0.028407249599695206,-0.02401827648282051,-0.24185536801815033,-0.04476474970579147,-0.024173513054847717,0.02717568539083004,-0.0023074897471815348,-0.055751871317625046,0.19512896239757538,-0.002917810343205929,-0.2561265826225281,-0.002468954771757126,0.06733566522598267,0.18349938094615936,0.0941135436296463,0.12189554423093796,0.04464767128229141,-0.13574863970279694,0.08935288339853287,-0.15381132066249847,0.058304402977228165,0.10021685808897018,0.08604008704423904,0.01061837375164032,0.006741181947290897,-0.13777005672454834,0.053156375885009766,0.08247791975736618,-0.15618133544921875,0.03629870340228081,0.07678244262933731,-0.014654206112027168,-0.051255401223897934,-0.0856519266963005,0.3458189070224762,0.05367407947778702,-0.11313934624195099,-0.1640099287033081,0.21351750195026398,-0.13121646642684937,-0.12150514125823975,0.06925275176763535,-0.09277410805225372,-0.10586172342300415,-0.33083003759384155,0.024432921782135963,0.432981938123703,0.056994758546352386,-0.20370474457740784,0.023291874676942825,-0.09991537034511566,0.01301600132137537,0.10122408717870712,0.13526737689971924,-0.048943497240543365,0.02634468860924244,-0.13238762319087982,-0.028048820793628693,0.21610747277736664,-0.07138067483901978,-0.03185712918639183,0.14742109179496765,0.012245452031493187,0.09432308375835419,0.010211164131760597,0.0068234545178711414,-0.12637202441692352,0.051412273198366165,-0.09061198681592941,-0.0020809657871723175,0.12654699385166168,0.040899693965911865,-0.03409133106470108,0.12791530787944794,-0.12241308391094208,0.11056560277938843,-0.027184968814253807,-0.054445117712020874,-0.005666285753250122,0.05300344526767731,-0.09627241641283035,-0.08849335461854935,0.09755438566207886,-0.22363455593585968,0.2302069514989853,0.13668248057365417,0.06032634899020195,0.10144995152950287,0.14959004521369934,0.07275550067424774,-0.02793796919286251,0.008132639341056347,-0.26342371106147766,-0.06277892738580704,0.11283617466688156,-0.07901494950056076,0.12869444489479065,0.034099142998456955
-0.08423545211553574,0.028764789924025536,0.04091169312596321,-0.09137801826000214,-0.15822701156139374,-0.059965576976537704,-0.018293341621756554,-0.07509781420230865,0.11456968635320663,-0.10992881655693054,0.2365405112504959,-0.11621935665607452,-0.2099437713623047,-0.07508586347103119,-0.06082385033369064,0.16611409187316895,-0.17973323166370392,-0.1722942292690277,-0.051854778081178665,0.001705331727862358,0.059880562126636505,-0.025457223877310753,-0.0009046986233443022,0.05991033464670181,-0.11620758473873138,-0.3699617385864258,-0.09442690014839172,-0.12215806543827057,0.013728829100728035,-0.04451892524957657,0.02308482863008976,-0.01324137020856142,-0.23819173872470856,-0.03741060569882393,-0.02260432578623295,0.02623290941119194,-0.0027040913701057434,-0.05644194036722183,0.18987290561199188,0.002818271517753601,-0.2600248157978058,0.006150571163743734,0.06648493558168411,0.18705090880393982,0.09306810796260834,0.11643730103969574,0.04472767561674118,-0.13657651841640472,0.08454645425081253,-0.15377183258533478,0.05451376363635063,0.10775665938854218,0.08876632899045944,0.0024712150916457176,0.008860476315021515,-0.14080846309661865,0.04527901113033295,0.08315608650445938,-0.15261028707027435,0.03973861411213875,0.07697497308254242,-0.02235238440334797,-0.05355984717607498,-0.09662652760744095,0.3423779010772705,0.050811249762773514,-0.11525821685791016,-0.16415324807167053,0.2040950506925583,-0.12650518119335175,-0.12635065615177155,0.07153431326150894,-0.1048055961728096,-0.10823813825845718,-0.33098840713500977,0.024770330637693405,0.4345891773700714,0.053951431065797806,-0.211544468998909,0.02739020809531212,-0.09855631738901138,0.017726575955748558,0.09867249429225922,0.13766920566558838,-0.046606115996837616,0.02709309197962284,-0.14004141092300415,-0.02402084320783615,0.21682590246200562,-0.07824680209159851,-0.029201028868556023,0.1512136310338974,0.009447398595511913,0.0979650616645813,0.00570834893733263,0.0024639172479510307,-0.12706609070301056,0.04520924389362335,-0.09604518115520477,-0.00966582354158163,0.11962927877902985,0.04238862171769142,-0.03830558806657791,0.12791278958320618,-0.12258532643318176,0.10756474733352661,-0.024491898715496063,-0.05632318556308746,-0.005865752696990967,0.04961257800459862,-0.09293009340763092,-0.0900658592581749,0.09920015931129456,-0.22554337978363037,0.22069095075130463,0.13650162518024445,0.06384888291358948,0.09889502823352814,0.14851053059101105,0.07076607644557953,-0.034022510051727295,0.006909007206559181,-0.2649024426937103,-0.059198688715696335,0.11758960783481598,-0.07585155963897705,0.1259685456752777,0.031283874064683914
-0.08782907575368881,0.027122868224978447,0.02941112592816353,-0.09180158376693726,-0.15696655213832855,-0.05905892699956894,-0.017114555463194847,-0.07753954082727432,0.11307540535926819,-0.10690730810165405,0.23877009749412537,-0.11058951169252396,-0.20635490119457245,-0.07546897232532501,-0.0629417672753334,0.1599368155002594,-0.1823759824037552,-0.16943268477916718,-0.05712597444653511,-0.001622229814529419,0.0568963997066021,-0.03136628121137619,0.003684871830046177,0.05681765824556351,-0.1186208724975586,-0.3708421289920807,-0.09450916200876236,-0.12668901681900024,0.014651376754045486,-0.04231848567724228,0.030253686010837555,-0.01646559126675129,-0.2378552258014679,-0.03735262155532837,-0.026029370725154877,0.01672193594276905,-0.0019488711841404438,-0.05819661542773247,0.1929333209991455,0.00402471236884594,-0.2612360119819641,-0.0007559861987829208,0.06983008980751038,0.18930411338806152,0.09904944151639938,0.1155695766210556,0.03911042958498001,-0.1314166933298111,0.09008393436670303,-0.15997011959552765,0.0512450709939003,0.10756690800189972,0.0813094824552536,0.0045245494693517685,0.0041205668821930885,-0.1304023414850235,0.0547918900847435,0.0838540717959404,-0.15904158353805542,0.03493064269423485,0.07882189750671387,-0.024366678670048714,-0.0585826113820076,-0.09259102493524551,0.34920045733451843,0.060209255665540695,-0.11928428709506989,-0.1601409912109375,0.2035730630159378,-0.12645767629146576,-0.125982865691185,0.06698983162641525,-0.10631868243217468,-0.11197792738676071,-0.33289796113967896,0.027349121868610382,0.43697741627693176,0.056703802198171616,-0.20195597410202026,0.026865698397159576,-0.10411079972982407,0.02125352993607521,0.10409140586853027,0.13626036047935486,-0.04891935735940933,0.019099369645118713,-0.1367698758840561,-0.026000605896115303,0.21739007532596588,-0.07477690279483795,-0.03619815409183502,0.1531842201948166,0.006007601507008076,0.09679151326417923,0.007693978492170572,0.013875199481844902,-0.128774955868721,0.04488960653543472,-0.09431888908147812,-0.0026674745604395866,0.12672996520996094,0.04350663721561432,-0.033973533660173416,0.128666952252388,-0.12012342363595963,0.10833461582660675,-0.02416211925446987,-0.050309520214796066,0.003335420973598957,0.04110173135995865,-0.08824976533651352,-0.0908021479845047,0.0929562896490097,-0.22549134492874146,0.22639603912830353,0.13395079970359802,0.06647282838821411,0.10001350939273834,0.15065230429172516,0.06411413848400116,-0.036113932728767395,0.008927113376557827,-0.26807641983032227,-0.05946088582277298,0.11544075608253479,-0.0760253369808197,0.1232219785451889,0.028433986008167267
-0.10348740220069885,0.03194957971572876,0.026805594563484192,-0.1047467291355133,-0.1693517118692398,-0.05258840322494507,-0.019819824025034904,-0.0859215185046196,0.11727474629878998,-0.12207856774330139,0.23134452104568481,-0.1013406440615654,-0.19926822185516357,-0.08613323420286179,-0.060960665345191956,0.1609102487564087,-0.18457859754562378,-0.18422125279903412,-0.03360644355416298,-0.004379915073513985,0.06466948240995407,-0.037715595215559006,0.007413317449390888,0.06660386174917221,-0.1421530842781067,-0.3652368485927582,-0.09880434721708298,-0.11780650913715363,0.011229753494262695,-0.04650042578577995,0.03242006152868271,-0.010035588406026363,-0.24593296647071838,-0.02095777355134487,-0.031665168702602386,0.024893011897802353,-0.001761819003149867,-0.04868893697857857,0.19028571248054504,0.022705595940351486,-0.2710878849029541,-0.012816083617508411,0.06826800853013992,0.18789134919643402,0.10572793334722519,0.11601772904396057,0.03497421741485596,-0.12255813181400299,0.09223305433988571,-0.15553031861782074,0.050060078501701355,0.11637666821479797,0.07141169905662537,-0.007255421951413155,0.004886545240879059,-0.13431791961193085,0.045257389545440674,0.0746137946844101,-0.14647582173347473,0.02697274647653103,0.06846973299980164,-0.020722704008221626,-0.051594141870737076,-0.08904813975095749,0.3409056067466736,0.06578943878412247,-0.10950834304094315,-0.16792833805084229,0.21625812351703644,-0.13120102882385254,-0.12933805584907532,0.07402953505516052,-0.11333663016557693,-0.10837213695049286,-0.33083397150039673,0.02332529053092003,0.42496562004089355,0.0549180768430233,-0.17678701877593994,0.024508576840162277,-0.09409219771623611,0.02149280719459057,0.09704955667257309,0.1373055875301361,-0.05710965394973755,0.021051039919257164,-0.12527251243591309,-0.022487210109829903,0.22159849107265472,-0.0717766135931015,-0.03395133838057518,0.15694251656532288,0.004042981192469597,0.10243374109268188,0.0060602109879255295,0.003646057564765215,-0.12553411722183228,0.05709279328584671,-0.09028510749340057,-0.00013206619769334793,0.11481757462024689,0.038286399096250534,-0.02506166882812977,0.1439596712589264,-0.12638723850250244,0.09157297015190125,-0.026232203468680382,-0.05374358594417572,-0.012654896825551987,0.058107227087020874,-0.10908923298120499,-0.10104453563690186,0.08015093952417374,-0.22191035747528076,0.2286033183336258,0.1479998081922531,0.06233187019824982,0.08845601975917816,0.16480998694896698,0.05971977487206459,-0.025553368031978607,0.011182893067598343,-0.24887238442897797,-0.050028134137392044,0.11937922984361649,-0.09141320735216141,0.11318440735340118,0.023023536428809166
-0.10944943130016327,0.022057941183447838,0.02846393547952175,-0.09486354142427444,-0.1725618541240692,-0.051973193883895874,-0.019931279122829437,-0.0844338908791542,0.1085560992360115,-0.1265047788619995,0.22043752670288086,-0.10484126210212708,-0.19906707108020782,-0.08056649565696716,-0.058673590421676636,0.15934786200523376,-0.18095026910305023,-0.18715742230415344,-0.04344543069601059,-0.006285542622208595,0.06024972349405289,-0.037464458495378494,0.0062714372761547565,0.06362863630056381,-0.14023348689079285,-0.3680874705314636,-0.0943346843123436,-0.11657072603702545,0.013077165931463242,-0.04820382595062256,0.03279431164264679,-0.014852041378617287,-0.25414642691612244,-0.019723528996109962,-0.0345660001039505,0.025622548535466194,-0.0023308624513447285,-0.045802511274814606,0.19162000715732574,0.022568844258785248,-0.2716849744319916,-0.010351460427045822,0.06187259405851364,0.18838512897491455,0.09377773106098175,0.11199958622455597,0.030754506587982178,-0.1239447146654129,0.08920715004205704,-0.15126945078372955,0.04759885370731354,0.11875313520431519,0.06970920413732529,0.00029861368238925934,0.0014681797474622726,-0.1345093697309494,0.05180354416370392,0.07979132980108261,-0.14549142122268677,0.036477960646152496,0.06413736939430237,-0.02064875327050686,-0.04865684360265732,-0.09174427390098572,0.33539092540740967,0.0555209182202816,-0.10587651282548904,-0.1672983169555664,0.20850294828414917,-0.12557822465896606,-0.12117984890937805,0.07692550122737885,-0.10957539826631546,-0.11417404562234879,-0.32962214946746826,0.022630315274000168,0.4297301471233368,0.05674751475453377,-0.18420414626598358,0.01736198179423809,-0.09734541177749634,0.012228965759277344,0.09875820577144623,0.13745348155498505,-0.05426725372672081,0.024410437792539597,-0.12120086699724197,-0.01419486477971077,0.21736782789230347,-0.0672556459903717,-0.032789599150419235,0.15554086863994598,0.00857064500451088,0.09873636066913605,0.003688208758831024,0.003828211687505245,-0.128587543964386,0.05545619875192642,-0.08758043497800827,-0.003780764527618885,0.11318852007389069,0.0319996178150177,-0.024355875328183174,0.13716992735862732,-0.125576913356781,0.10063706338405609,-0.02034483663737774,-0.05449650436639786,-0.013059956952929497,0.06419827044010162,-0.10896103084087372,-0.09920936822891235,0.08129198104143143,-0.22539082169532776,0.23101724684238434,0.1577228605747223,0.06481218338012695,0.09272567927837372,0.15833988785743713,0.059377722442150116,-0.03173796087503433,0.0166047140955925,-0.2499023824930191,-0.048970844596624374,0.11842060834169388,-0.08686164766550064,0.11189424991607666,0.026549216359853745
-0.10944943130016327,0.022057941183447838,0.02846393547952175,-0.09486354142427444,-0.1725618541240692,-0.051973193883895874,-0.019931279122829437,-0.0844338908791542,0.1085560992360115,-0.1265047788619995,0.22043752670288086,-0.10484126210212708,-0.19906707108020782,-0.08056649565696716,-0.058673590421676636,0.15934786200523376,-0.18095026910305023,-0.18715742230415344,-0.04344543069601059,-0.006285542622208595,0.06024972349405289,-0.037464458495378494,0.0062714372761547565,0.06362863630056381,-0.14023348689079285,-0.3680874705314636,-0.0943346843123436,-0.11657072603702545,0.013077165931463242,-0.04820382595062256,0.03279431164264679,-0.014852041378617287,-0.25414642691612244,-0.019723528996109962,-0.0345660001039505,0.025622548535466194,-0.0023308624513447285,-0.045802511274814606,0.19162000715732574,0.022568844258785248,-0.2716849744319916,-0.010351460427045822,0.06187259405851364,0.18838512897491455,0.09377773106098175,0.11199958622455597,0.030754506587982178,-0.1239447146654129,0.08920715004205704,-0.15126945078372955,0.04759885370731354,0.11875313520431519,0.06970920413732529,0.00029861368238925934,0.0014681797474622726,-0.1345093697309494,0.05180354416370392,0.07979132980108261,-0.14549142122268677,0.036477960646152496,0.06413736939430237,-0.02064875327050686,-0.04865684360265732,-0.09174427390098572,0.33539092540740967,0.0555209182202816,-0.10587651282548904,-0.1672983169555664,0.20850294828414917,-0.12557822465896606,-0.12117984890937805,0.07692550122737885,-0.10957539826631546,-0.11417404562234879,-0.32962214946746826,0.022630315274000168,0.4297301471233368,0.05674751475453377,-0.18420414626598358,0.01736198179423809,-0.09734541177749634,0.012228965759277344,0.09875820577144623,0.13745348155498505,-0.05426725372672081,0.024410437792539597,-0.12120086699724197,-0.01419486477971077,0.21736782789230347,-0.0672556459903717,-0.032789599150419235,0.15554086863994598,0.00857064500451088,0.09873636066913605,0.003688208758831024,0.003828211687505245,-0.128587543964386,0.05545619875192642,-0.08758043497800827,-0.003780764527618885,0.11318852007389069,0.0319996178150177,-0.024355875328183174,0.13716992735862732,-0.125576913356781,0.10063706338405609,-0.02034483663737774,-0.05449650436639786,-0.013059956952929497,0.06419827044010162,-0.10896103084087372,-0.09920936822891235,0.08129198104143143,-0.22539082169532776,0.23101724684238434,0.1577228605747223,0.06481218338012695,0.09272567927837372,0.15833988785743713,0.059377722442150116,-0.03173796087503433,0.0166047140955925,-0.2499023824930191,-0.048970844596624374,0.11842060834169388,-0.08686164766550064,0.11189424991607666,0.026549216359853745
-0.11210549622774124,0.027166025713086128,0.03205760940909386,-0.10627765953540802,-0.1719585657119751,-0.055914171040058136,-0.020644517615437508,-0.08067109435796738,0.11853423714637756,-0.11847727745771408,0.2328709214925766,-0.10450788587331772,-0.1970725804567337,-0.08505410701036453,-0.05412018299102783,0.16549114882946014,-0.1936628520488739,-0.1808985322713852,-0.043152593076229095,-0.006590045988559723,0.056973423808813095,-0.031081069260835648,-8.011923637241125e-05,0.06544575095176697,-0.13310295343399048,-0.3678385615348816,-0.09030944854021072,-0.11769995838403702,0.018616141751408577,-0.03911040723323822,0.03186134248971939,-0.019063225015997887,-0.25136229395866394,-0.029078971594572067,-0.0313878133893013,0.028593378141522408,-0.0035783781204372644,-0.05400627851486206,0.18959009647369385,0.010800222866237164,-0.271598756313324,-0.012233313173055649,0.06504291296005249,0.177328422665596,0.0965685173869133,0.11188102513551712,0.037255916744470596,-0.1330658495426178,0.08262580633163452,-0.15585529804229736,0.05466263368725777,0.11539282649755478,0.06876961141824722,-0.00802078191190958,0.006918177008628845,-0.14248152077198029,0.03958352655172348,0.08104872703552246,-0.14502480626106262,0.022229846566915512,0.06491376459598541,-0.010645860806107521,-0.049602679908275604,-0.09624504297971725,0.34432661533355713,0.0646679550409317,-0.11203950643539429,-0.1648532897233963,0.20955699682235718,-0.12258172780275345,-0.12632738053798676,0.07251187413930893,-0.10148973762989044,-0.10870356112718582,-0.3380655348300934,0.022517461329698563,0.4348102807998657,0.0472065769135952,-0.18863213062286377,0.024792755022644997,-0.10296934098005295,0.009091637097299099,0.0998779907822609,0.13963979482650757,-0.05750507861375809,0.026640689000487328,-0.12080409377813339,-0.01668703556060791,0.21330513060092926,-0.06678611040115356,-0.027301661670207977,0.15526099503040314,0.01016782596707344,0.09908237308263779,0.0054415371268987656,0.007495814468711615,-0.12158399075269699,0.05441070720553398,-0.08355642110109329,-0.0019784020259976387,0.12488915771245956,0.04203079268336296,-0.023519914597272873,0.14109601080417633,-0.1292695701122284,0.09513892978429794,-0.01696748472750187,-0.05552038177847862,-0.0049993060529232025,0.05600372701883316,-0.09721144288778305,-0.10091028362512589,0.08645058423280716,-0.22698624432086945,0.22491055727005005,0.14492692053318024,0.05454801023006439,0.10257361829280853,0.15998323261737823,0.06300199031829834,-0.031036727130413055,0.009031353518366814,-0.25433239340782166,-0.042814332991838455,0.11727505922317505,-0.08700935542583466,0.12001854926347733,0.03492158651351929
-0.10133606940507889,0.020687371492385864,0.03066341020166874,-0.09334734082221985,-0.17749124765396118,-0.04891236126422882,-0.018149351701140404,-0.08354734629392624,0.10726851969957352,-0.12258975952863693,0.22214406728744507,-0.10415132343769073,-0.1989358514547348,-0.0797061175107956,-0.05543221905827522,0.15884436666965485,-0.1813364177942276,-0.1828136444091797,-0.04283437505364418,-0.0046343011781573296,0.06049035117030144,-0.03432104364037514,0.0074470024555921555,0.06358683854341507,-0.13229022920131683,-0.37047460675239563,-0.09585989266633987,-0.11401929706335068,0.019867774099111557,-0.04479964077472687,0.0332384891808033,-0.015818653628230095,-0.24886474013328552,-0.024642352014780045,-0.036117978394031525,0.023138124495744705,-0.002715612994506955,-0.05491018295288086,0.19026440382003784,0.01882357895374298,-0.27177688479423523,-0.006010143086314201,0.06712894886732101,0.18465875089168549,0.09233421832323074,0.11219002306461334,0.03397389128804207,-0.12781944870948792,0.08446545153856277,-0.1461508423089981,0.04897075146436691,0.11534042656421661,0.06949792802333832,-0.001948499120771885,0.0037731006741523743,-0.13553790748119354,0.05158884450793266,0.08016824722290039,-0.1499282866716385,0.03620848059654236,0.06606845557689667,-0.009166670963168144,-0.042845167219638824,-0.09550009667873383,0.34205153584480286,0.0552949421107769,-0.1084611788392067,-0.1663520634174347,0.20569324493408203,-0.1251858025789261,-0.12574830651283264,0.07682644575834274,-0.10970031470060349,-0.10975565761327744,-0.3297039568424225,0.023517386987805367,0.43534567952156067,0.051221784204244614,-0.18728125095367432,0.015254129655659199,-0.09639459103345871,0.005365830846130848,0.10059070587158203,0.1416802853345871,-0.05399446189403534,0.02110099419951439,-0.12233400344848633,-0.017298992723226547,0.2160828709602356,-0.06223665550351143,-0.03342616185545921,0.15947100520133972,0.013106154277920723,0.09676464647054672,0.0069649009965360165,0.011351903900504112,-0.12997087836265564,0.05825798958539963,-0.0901850014925003,-0.004888586699962616,0.11611153930425644,0.029420796781778336,-0.02481039986014366,0.13908477127552032,-0.12456908822059631,0.10241575539112091,-0.019976355135440826,-0.053349852561950684,-0.006743354722857475,0.060434095561504364,-0.11063344776630402,-0.09629640728235245,0.08690878748893738,-0.22754909098148346,0.22555723786354065,0.15077416598796844,0.06785430759191513,0.09070936590433121,0.15852060914039612,0.06416410207748413,-0.03329784795641899,0.01303235162049532,-0.2543283700942993,-0.04551846534013748,0.11696942895650864,-0.09472375363111496,0.1151251569390297,0.03212103992700577
-0.10833980143070221,0.026382876560091972,0.032454874366521835,-0.10654012858867645,-0.17240436375141144,-0.045400697737932205,-0.023395130410790443,-0.07850135117769241,0.11654732376337051,-0.12294833362102509,0.22285324335098267,-0.10223044455051422,-0.19572338461875916,-0.08463411033153534,-0.06022924929857254,0.16449104249477386,-0.1849081665277481,-0.18658176064491272,-0.04301675409078598,-0.0080038420855999,0.05419635772705078,-0.03262179344892502,0.000900338520295918,0.057318560779094696,-0.1298050582408905,-0.373139351606369,-0.09450049698352814,-0.11470036208629608,0.018957501277327538,-0.041358835995197296,0.030336987227201462,-0.023931751027703285,-0.2500608563423157,-0.02482978068292141,-0.03140505403280258,0.030135393142700195,-0.0004408331587910652,-0.05519482493400574,0.18163976073265076,0.018784936517477036,-0.2693226933479309,-0.010776979848742485,0.06228189915418625,0.17845547199249268,0.09227723628282547,0.11613089591264725,0.039938051253557205,-0.12814828753471375,0.08523847162723541,-0.15106089413166046,0.05381523817777634,0.1123814806342125,0.07241879403591156,-0.0076181404292583466,0.005290543660521507,-0.1412190943956375,0.04576601833105087,0.07836825400590897,-0.1478489637374878,0.030309602618217468,0.0635705515742302,-0.011313695460557938,-0.052530527114868164,-0.08878281712532043,0.33687037229537964,0.0665586069226265,-0.11072135716676712,-0.17458654940128326,0.21039532124996185,-0.12478020787239075,-0.12042716890573502,0.06781422346830368,-0.09878308326005936,-0.10769462585449219,-0.3308209776878357,0.024695230647921562,0.43471330404281616,0.05168114975094795,-0.18613038957118988,0.021608911454677582,-0.10122362524271011,0.012553668580949306,0.09374101459980011,0.13860975205898285,-0.06458652019500732,0.03211056813597679,-0.125201016664505,-0.021643465384840965,0.21210730075836182,-0.06534618139266968,-0.03153335675597191,0.1539943367242813,0.005172744393348694,0.10046441853046417,0.005674331448972225,0.014560438692569733,-0.13019736111164093,0.0602794773876667,-0.07957308739423752,-0.006221049465239048,0.12845836579799652,0.0319225937128067,-0.022913265973329544,0.1377120167016983,-0.1290469467639923,0.10115475952625275,-0.026769980788230896,-0.05227399244904518,-0.007331863045692444,0.05920406058430672,-0.10100729763507843,-0.09725679457187653,0.08771159499883652,-0.22565707564353943,0.2218899428844452,0.15403777360916138,0.05722423270344734,0.10330792516469955,0.16992028057575226,0.0628490149974823,-0.02498592436313629,0.009612876921892166,-0.2515319585800171,-0.0524493008852005,0.10701078921556473,-0.08709351718425751,0.11419237405061722,0.037432506680488586
-0.09142937511205673,0.02970919758081436,0.025772633031010628,-0.10622802376747131,-0.1715276837348938,-0.046685755252838135,-0.01226072572171688,-0.07286638021469116,0.12159642577171326,-0.12172607332468033,0.22900515794754028,-0.10237164050340652,-0.19720546901226044,-0.07838459312915802,-0.05206480994820595,0.15881091356277466,-0.1739608496427536,-0.18427731096744537,-0.06360464543104172,-0.00904381088912487,0.05615488067269325,-0.024428872391581535,-0.004518401809036732,0.06027005612850189,-0.11967737972736359,-0.3615688383579254,-0.08559910207986832,-0.10839619487524033,0.021952204406261444,-0.04599173367023468,0.0365610346198082,-0.018543198704719543,-0.2512378990650177,-0.03735107183456421,-0.027401160448789597,0.02308794856071472,0.005440186709165573,-0.05200137197971344,0.185373917222023,0.013754809275269508,-0.26633670926094055,-0.002276891842484474,0.07045706361532211,0.17713697254657745,0.09262148290872574,0.11254547536373138,0.037419337779283524,-0.13638819754123688,0.085230752825737,-0.16048288345336914,0.0533808097243309,0.11074014008045197,0.07191857695579529,0.00018485169857740402,0.006025874055922031,-0.14664369821548462,0.04860491678118706,0.07257993519306183,-0.14780515432357788,0.029554268345236778,0.0694875717163086,-0.005835834890604019,-0.06982913613319397,-0.09334047138690948,0.3286561965942383,0.061449456959962845,-0.10823425650596619,-0.18205136060714722,0.19870831072330475,-0.12969326972961426,-0.13424097001552582,0.07085668295621872,-0.09716321527957916,-0.10071033984422684,-0.3333180546760559,0.025480346754193306,0.4324433207511902,0.0547388531267643,-0.20265276730060577,0.031008470803499222,-0.09585731476545334,0.017462091520428658,0.0937110036611557,0.1305476576089859,-0.06085161864757538,0.034907616674900055,-0.12698999047279358,-0.014480415731668472,0.20758946239948273,-0.06319017708301544,-0.03279617801308632,0.15565255284309387,0.013198506087064743,0.09966778755187988,0.01284694392234087,0.02273716777563095,-0.12604084610939026,0.05272654816508293,-0.09720008075237274,-0.008268561214208603,0.14035625755786896,0.04241687431931496,-0.027920451015233994,0.13403470814228058,-0.13359537720680237,0.11931145936250687,-0.03049931861460209,-0.0534585639834404,-0.005334227345883846,0.054075051099061966,-0.09150511771440506,-0.08327310532331467,0.09153342247009277,-0.21695496141910553,0.2218065708875656,0.14420248568058014,0.055142149329185486,0.09944562613964081,0.16907787322998047,0.06462594866752625,-0.02462339587509632,0.01545015163719654,-0.2592686414718628,-0.06318192929029465,0.10347667336463928,-0.0857667475938797,0.11529882252216339,0.03704864904284477
